{
	"Version": 3,
	"FileReferences": {
		"Moc": "Hiyori.moc3",
		"Textures": [
			"Hiyori.2048/texture_00.png",
			"Hiyori.2048/texture_01.png"
		],
		"Physics": "Hiyori.physics3.json",
		"UserData": "Hiyori.userdata3.json",
		"Pose": "Hiyori.pose3.json",
		"DisplayInfo": "Hiyori.cdi3.json",
		"Motions": {
			"Idle": [
				{
					"File": "motions/Hiyori_m01.motion3.json",
					"FadeInTime": 0.5,
					"FadeOutTime": 0.5
				},
				{
					"File": "motions/Hiyori_m02.motion3.json",
					"FadeInTime": 0.5,
					"FadeOutTime": 0.5
				},
				{
					"File": "motions/Hiyori_m03.motion3.json",
					"FadeInTime": 0.5,
					"FadeOutTime": 0.5
				},
				{
					"File": "motions/Hiyori_m05.motion3.json",
					"FadeInTime": 0.5,
					"FadeOutTime": 0.5
				},
				{
					"File": "motions/Hiyori_m06.motion3.json",
					"FadeInTime": 0.5,
					"FadeOutTime": 0.5
				},
				{
					"File": "motions/Hiyori_m07.motion3.json",
					"FadeInTime": 0.5,
					"FadeOutTime": 0.5
				},
				{
					"File": "motions/Hiyori_m08.motion3.json",
					"FadeInTime": 0.5,
					"FadeOutTime": 0.5
				},
				{
					"File": "motions/Hiyori_m09.motion3.json",
					"FadeInTime": 0.5,
					"FadeOutTime": 0.5
				},
				{
					"File": "motions/Hiyori_m10.motion3.json",
					"FadeInTime": 0.5,
					"FadeOutTime": 0.5
				}
			],
			"TapBody": [
				{
					"File": "motions/Hiyori_m04.motion3.json",
					"FadeInTime": 0.5,
					"FadeOutTime": 0.5
				}
			],
			"": [
				{
					"File": "motions/Hiyori_m01.motion3.json"
				},
				{
					"File": "motions/Hiyori_m02.motion3.json"
				},
				{
					"File": "motions/Hiyori_m03.motion3.json"
				},
				{
					"File": "motions/Hiyori_m04.motion3.json"
				},
				{
					"File": "motions/Hiyori_m05.motion3.json"
				},
				{
					"File": "motions/Hiyori_m06.motion3.json"
				},
				{
					"File": "motions/Hiyori_m07.motion3.json"
				},
				{
					"File": "motions/Hiyori_m08.motion3.json"
				},
				{
					"File": "motions/Hiyori_m09.motion3.json"
				},
				{
					"File": "motions/Hiyori_m10.motion3.json"
				},
				{
					"File": "motions/Hiyori_talking.motion3.json"
				},
				{
					"File": "motions/Hiyori_talking.motion3.json"
				}
			]
		}
	},
	"Groups": [
		{
			"Target": "Parameter",
			"Name": "LipSync",
			"Ids": [
				"ParamMouthOpenY"
			]
		},
		{
			"Target": "Parameter",
			"Name": "EyeBlink",
			"Ids": [
				"ParamEyeLOpen",
				"ParamEyeROpen"
			]
		}
	],
	"HitAreas": [
		{
			"Id": "HitArea",
			"Name": "Body"
		}
	]
}