{
	"Version": 3,
	"Meta": {
		"Duration": 3.167,
		"Fps": 30.0,
		"Loop": true,
		"AreBeziersRestricted": false,
		"CurveCount": 30,
		"TotalSegmentCount": 107,
		"TotalPointCount": 317,
		"UserDataCount": 0,
		"TotalUserDataSize": 0
	},
	"Curves": [
		{
			"Target": "Model",
			"Id": "EyeBlink",
			"Segments": [
				0,
				1,
				0,
				1.167,
				1,
				1,
				1.267,
				1,
				1.367,
				0,
				1.467,
				0,
				1,
				1.533,
				0,
				1.6,
				0,
				1.667,
				0,
				1,
				1.767,
				0,
				1.867,
				1,
				1.967,
				1,
				0,
				3.167,
				1
			]
		},
		{
			"Target": "Parameter",
			"Id": "ParamAngleX",
			"Segments": [
				0,
				0,
				0,
				3.167,
				0
			]
		},
		{
			"Target": "Parameter",
			"Id": "ParamAngleY",
			"Segments": [
				0,
				0,
				0,
				3.167,
				0
			]
		},
		{
			"Target": "Parameter",
			"Id": "ParamAngleZ",
			"Segments": [
				0,
				0,
				0,
				3.167,
				0
			]
		},
		{
			"Target": "Parameter",
			"Id": "ParamCheek",
			"Segments": [
				0,
				0,
				0,
				3.167,
				0
			]
		},
		{
			"Target": "Parameter",
			"Id": "ParamEyeLOpen",
			"Segments": [
				0,
				1,
				0,
				3.167,
				1
			]
		},
		{
			"Target": "Parameter",
			"Id": "ParamEyeLSmile",
			"Segments": [
				0,
				0,
				0,
				3.167,
				0
			]
		},
		{
			"Target": "Parameter",
			"Id": "ParamEyeROpen",
			"Segments": [
				0,
				1,
				0,
				3.167,
				1
			]
		},
		{
			"Target": "Parameter",
			"Id": "ParamEyeRSmile",
			"Segments": [
				0,
				0,
				0,
				3.167,
				0
			]
		},
		{
			"Target": "Parameter",
			"Id": "ParamEyeBallX",
			"Segments": [
				0,
				0,
				0,
				3.167,
				0
			]
		},
		{
			"Target": "Parameter",
			"Id": "ParamEyeBallY",
			"Segments": [
				0,
				0,
				0,
				3.167,
				0
			]
		},
		{
			"Target": "Parameter",
			"Id": "ParamBrowLForm",
			"Segments": [
				0,
				0,
				0,
				3.167,
				0
			]
		},
		{
			"Target": "Parameter",
			"Id": "ParamBrowRForm",
			"Segments": [
				0,
				0,
				0,
				3.167,
				0
			]
		},
		{
			"Target": "Parameter",
			"Id": "ParamMouthForm",
			"Segments": [
				0,
				0.5,
				1,
				0.056,
				0.5,
				0.111,
				1,
				0.167,
				1,
				1,
				0.222,
				1,
				0.278,
				0.5,
				0.333,
				0.5,
				1,
				0.389,
				0.5,
				0.444,
				1,
				0.5,
				1,
				1,
				0.556,
				1,
				0.611,
				0.5,
				0.667,
				0.5,
				1,
				0.722,
				0.5,
				0.778,
				1,
				0.833,
				1,
				1,
				0.889,
				1,
				0.944,
				0.5,
				1,
				0.5,
				1,
				1.056,
				0.5,
				1.111,
				1,
				1.167,
				1,
				1,
				1.222,
				1,
				1.278,
				0.5,
				1.333,
				0.5,
				1,
				1.389,
				0.5,
				1.444,
				1,
				1.5,
				1,
				1,
				1.556,
				1,
				1.611,
				0.5,
				1.667,
				0.5,
				1,
				1.722,
				0.5,
				1.778,
				1,
				1.833,
				1,
				1,
				1.889,
				1,
				1.944,
				0.5,
				2,
				0.5,
				1,
				2.056,
				0.5,
				2.111,
				1,
				2.167,
				1,
				1,
				2.222,
				1,
				2.278,
				0.5,
				2.333,
				0.5,
				1,
				2.389,
				0.5,
				2.444,
				1,
				2.5,
				1,
				1,
				2.556,
				1,
				2.611,
				0.5,
				2.667,
				0.5,
				1,
				2.722,
				0.5,
				2.778,
				1,
				2.833,
				1,
				1,
				2.889,
				1,
				2.944,
				0.5,
				3,
				0.5,
				1,
				3.056,
				0.5,
				3.111,
				1,
				3.167,
				1
			]
		},
		{
			"Target": "Parameter",
			"Id": "ParamMouthOpenY",
			"Segments": [
				0,
				0,
				1,
				0.056,
				0,
				0.111,
				1,
				0.167,
				1,
				1,
				0.222,
				1,
				0.278,
				0.6,
				0.333,
				0.6,
				1,
				0.389,
				0.6,
				0.444,
				1,
				0.5,
				1,
				1,
				0.556,
				1,
				0.611,
				0,
				0.667,
				0,
				1,
				0.722,
				0,
				0.778,
				1,
				0.833,
				1,
				1,
				0.889,
				1,
				0.944,
				0.6,
				1,
				0.6,
				1,
				1.056,
				0.6,
				1.111,
				1,
				1.167,
				1,
				1,
				1.222,
				1,
				1.278,
				0,
				1.333,
				0,
				1,
				1.389,
				0,
				1.444,
				1,
				1.5,
				1,
				1,
				1.556,
				1,
				1.611,
				0.6,
				1.667,
				0.6,
				1,
				1.722,
				0.6,
				1.778,
				1,
				1.833,
				1,
				1,
				1.889,
				1,
				1.944,
				0,
				2,
				0,
				1,
				2.056,
				0,
				2.111,
				1,
				2.167,
				1,
				1,
				2.222,
				1,
				2.278,
				0.6,
				2.333,
				0.6,
				1,
				2.389,
				0.6,
				2.444,
				1,
				2.5,
				1,
				1,
				2.556,
				1,
				2.611,
				0,
				2.667,
				0,
				1,
				2.722,
				0,
				2.778,
				1,
				2.833,
				1,
				1,
				2.889,
				1,
				2.944,
				0.6,
				3,
				0.6,
				1,
				3.056,
				0.6,
				3.111,
				1,
				3.167,
				1
			]
		},
		{
			"Target": "Parameter",
			"Id": "ParamBodyAngleX",
			"Segments": [
				0,
				0,
				1,
				0.333,
				0,
				0.667,
				2,
				1,
				2,
				1,
				1.356,
				2,
				1.711,
				-2,
				2.067,
				-2,
				1,
				2.433,
				-2,
				2.8,
				0,
				3.167,
				0
			]
		},
		{
			"Target": "Parameter",
			"Id": "ParamBodyAngleY",
			"Segments": [
				0,
				0,
				1,
				0.056,
				0,
				0.111,
				0,
				0.167,
				0,
				1,
				0.556,
				0,
				0.944,
				5,
				1.333,
				5,
				1,
				1.778,
				5,
				2.222,
				0,
				2.667,
				0,
				0,
				3.167,
				0
			]
		},
		{
			"Target": "Parameter",
			"Id": "ParamBodyAngleZ",
			"Segments": [
				0,
				0,
				1,
				0.333,
				0,
				0.667,
				2,
				1,
				2,
				1,
				1.356,
				2,
				1.711,
				-2,
				2.067,
				-2,
				1,
				2.433,
				-2,
				2.8,
				0,
				3.167,
				0
			]
		},
		{
			"Target": "Parameter",
			"Id": "ParamBreath",
			"Segments": [
				0,
				0,
				1,
				0.222,
				0,
				0.444,
				0.167,
				0.667,
				0.5,
				1,
				0.889,
				0.833,
				1.111,
				1,
				1.333,
				1,
				1,
				1.556,
				1,
				1.778,
				0.833,
				2,
				0.5,
				1,
				2.222,
				0.167,
				2.444,
				0,
				2.667,
				0,
				0,
				3.167,
				0
			]
		},
		{
			"Target": "Parameter",
			"Id": "ParamArmLA",
			"Segments": [
				0,
				0,
				1,
				0.511,
				0,
				1.022,
				-3,
				1.533,
				-3,
				1,
				2.078,
				-3,
				2.622,
				0,
				3.167,
				0
			]
		},
		{
			"Target": "Parameter",
			"Id": "ParamArmRA",
			"Segments": [
				0,
				0,
				1,
				0.511,
				0,
				1.022,
				-3,
				1.533,
				-3,
				1,
				2.078,
				-3,
				2.622,
				0,
				3.167,
				0
			]
		},
		{
			"Target": "Parameter",
			"Id": "ParamBustY",
			"Segments": [
				0,
				0,
				0,
				3.167,
				0
			]
		},
		{
			"Target": "Parameter",
			"Id": "ParamHairAhoge",
			"Segments": [
				0,
				0,
				1,
				0.244,
				0,
				0.489,
				10,
				0.733,
				10,
				1,
				1,
				10,
				1.267,
				6.528,
				1.533,
				0,
				1,
				1.811,
				-6.8,
				2.089,
				-10,
				2.367,
				-10,
				1,
				2.633,
				-10,
				2.9,
				0,
				3.167,
				0
			]
		},
		{
			"Target": "Parameter",
			"Id": "ParamHairFront",
			"Segments": [
				0,
				0,
				1,
				0.244,
				0,
				0.489,
				0.2,
				0.733,
				0.2,
				1,
				1,
				0.2,
				1.267,
				0.131,
				1.533,
				0,
				1,
				1.811,
				-0.136,
				2.089,
				-0.2,
				2.367,
				-0.2,
				1,
				2.633,
				-0.2,
				2.9,
				0,
				3.167,
				0
			]
		},
		{
			"Target": "Parameter",
			"Id": "ParamHairSide",
			"Segments": [
				0,
				0,
				1,
				0.244,
				0,
				0.489,
				0.2,
				0.733,
				0.2,
				1,
				1,
				0.2,
				1.267,
				0.131,
				1.533,
				0,
				1,
				1.811,
				-0.136,
				2.089,
				-0.2,
				2.367,
				-0.2,
				1,
				2.633,
				-0.2,
				2.9,
				0,
				3.167,
				0
			]
		},
		{
			"Target": "Parameter",
			"Id": "ParamHairBack",
			"Segments": [
				0,
				0,
				1,
				0.244,
				0,
				0.489,
				0.2,
				0.733,
				0.2,
				1,
				1,
				0.2,
				1.267,
				0.131,
				1.533,
				0,
				1,
				1.811,
				-0.136,
				2.089,
				-0.2,
				2.367,
				-0.2,
				1,
				2.633,
				-0.2,
				2.9,
				0,
				3.167,
				0
			]
		},
		{
			"Target": "Parameter",
			"Id": "ParamHairSideUp",
			"Segments": [
				0,
				0,
				1,
				0.244,
				0,
				0.489,
				0.2,
				0.733,
				0.2,
				1,
				1,
				0.2,
				1.267,
				0.131,
				1.533,
				0,
				1,
				1.811,
				-0.136,
				2.089,
				-0.2,
				2.367,
				-0.2,
				1,
				2.633,
				-0.2,
				2.9,
				0,
				3.167,
				0
			]
		},
		{
			"Target": "Parameter",
			"Id": "ParamRibbon",
			"Segments": [
				0,
				0,
				1,
				0.244,
				0,
				0.489,
				0.2,
				0.733,
				0.2,
				1,
				1,
				0.2,
				1.267,
				0.131,
				1.533,
				0,
				1,
				1.811,
				-0.136,
				2.089,
				-0.2,
				2.367,
				-0.2,
				1,
				2.633,
				-0.2,
				2.9,
				0,
				3.167,
				0
			]
		},
		{
			"Target": "Parameter",
			"Id": "ParamSkirt",
			"Segments": [
				0,
				0,
				1,
				0.244,
				0,
				0.489,
				0.2,
				0.733,
				0.2,
				1,
				1,
				0.2,
				1.267,
				0.131,
				1.533,
				0,
				1,
				1.811,
				-0.136,
				2.089,
				-0.2,
				2.367,
				-0.2,
				1,
				2.633,
				-0.2,
				2.9,
				0,
				3.167,
				0
			]
		},
		{
			"Target": "Parameter",
			"Id": "ParamSideUpRibbon",
			"Segments": [
				0,
				0,
				1,
				0.244,
				0,
				0.489,
				0.2,
				0.733,
				0.2,
				1,
				1,
				0.2,
				1.267,
				0.131,
				1.533,
				0,
				1,
				1.811,
				-0.136,
				2.089,
				-0.2,
				2.367,
				-0.2,
				1,
				2.633,
				-0.2,
				2.9,
				0,
				3.167,
				0
			]
		}
	]
}